Workbook

Sheet 公安街81
A1: Paramètres
A2: 新建电缆年故障次数（每百公里） | E2: 5.5 | I2: 电缆年故障次数（每百公里） | M2: 5.5
A3: 站点年故障次数（每百站点） | E3: 0.6 | I3: 故障恢复时间（小时） | M3: 7
A4: 三遥动作时间（分钟） | E4: 5
A5: 人工隔离故障时间（分钟） | E5: 55
A6: 故障恢复时间（小时） | E6: 9
A8: 站点 | B8: 负荷数 | C8: 年故障次数 | D8: Nbre de transfos coupés | G8: Nbre de transfos coupés x T | L8: 线路段 | M8: 长度（千米） | N8: 年故障次数 | O8: Nbre de transfos coupés | R8: Nbre de transfos coupés x T | V8: Total général
D9: 隔离故障前失电负荷数 | E9: 隔离故障后失电负荷数 | G9: 隔离故障前断电时长 | H9: 隔离操作后断电时长 | J9: Total | O9: 隔离故障前失电负荷数 | P9: 隔离故障后失电负荷数 | R9: 隔离故障前断电时长 | S9: 隔离操作后断电时长 | U9: Total
E10: 三遥 | F10: 人工 | H10: 三遥 | I10: 人工 | P10: 三遥 | Q10: 人工 | S10: 三遥 | T10: 人工
A11: P1 | B11: 0 | C11: =1*$E$3/100 -> 0.006 | D11: =$B$22 -> 3 | E11: 2 | F11: 2 | G11: =D11*$E$4*$C11 -> 0.09 | H11: =E11*$E$5*$C11 -> 0.66 | I11: =F11*($M$3*60)*$C11 -> 5.04 | J11: =G11+H11+I11 -> 5.79 | L11: T1 | M11: 0.869 | N11: =M11*$M$2/100 -> 0.047795 | O11: =$B$22 -> 3 | P11: 2 | Q11: 0 | R11: =O11*$E$4*$N11 -> 0.716925 | S11: =P11*$E$5*$N11 -> 5.25745 | T11: =Q11*($E$6*60)*$N11 -> 0 | U11: =R11+S11+T11 -> 5.974375 | V11: =J11+U11 -> 11.764375
A12: P2 | B12: 1 | C12: =1*$E$3/100 -> 0.006 | D12: =$B$22 -> 3 | E12: 2 | F12: 1 | G12: =D12*$E$4*$C12 -> 0.09 | H12: =E12*$E$5*$C12 -> 0.66 | I12: =F12*($M$3*60)*$C12 -> 2.52 | J12: =G12+H12+I12 -> 3.27 | L12: T2 | M12: 0.047 | N12: =M12*$E$2/100 -> 0.002585 | O12: =$B$22 -> 3 | P12: 2 | Q12: 1 | R12: =O12*$E$4*$N12 -> 0.038775 | S12: =P12*$E$5*$N12 -> 0.28435 | T12: =Q12*($E$6*60)*$N12 -> 1.3959 | U12: =R12+S12+T12 -> 1.719025 | V12: =J12+U12 -> 4.989025
A13: P3 | B13: 1 | C13: =1*$E$3/100 -> 0.006 | D13: 3 | E13: 2 | F13: 1 | G13: =D13*$E$4*$C13 -> 0.09 | H13: =E13*$E$5*$C13 -> 0.66 | I13: =F13*($M$3*60)*$C13 -> 2.52 | J13: =G13+H13+I13 -> 3.27 | L13: T3 | M13: 0.116 | N13: =M13*$E$2/100 -> 0.00638 | O13: =$B$22 -> 3 | P13: 2 | Q13: 1 | R13: =O13*$E$4*$N13 -> 0.0957 | S13: =P13*$E$5*$N13 -> 0.7018 | T13: =Q13*($E$6*60)*$N13 -> 3.4452 | U13: =R13+S13+T13 -> 4.2427 | V13: =J13+U13 -> 7.5127
A14: P4 | B14: 1 | C14: =1*$E$3/100 -> 0.006 | D14: 1 | E14: 1 | F14: 1 | G14: =D14*$E$4*$C14 -> 0.03 | H14: =E14*$E$5*$C14 -> 0.33 | I14: =F14*($M$3*60)*$C14 -> 2.52 | J14: =G14+H14+I14 -> 2.88 | L14: T4 | M14: 0.142 | N14: =M14*$E$2/100 -> 0.00781 | O14: =$B$22 -> 3 | P14: 0 | Q14: 0 | R14: =O14*$E$4*$N14 -> 0.11715 | S14: =P14*$E$5*$N14 -> 0 | T14: =Q14*($E$6*60)*$N14 -> 0 | U14: =R14+S14+T14 -> 0.11715 | V14: =J14+U14 -> 2.99715
A15: P5 | L15: T5 | M15: 0.275 | N15: =M15*$E$2/100 -> 0.015125 | O15: 3 | P15: 0 | Q15: 0 | R15: =O15*$E$4*$N15 -> 0.226875 | S15: =P15*$E$5*$N15 -> 0 | T15: =Q15*($E$6*60)*$N15 -> 0 | U15: =R15+S15+T15 -> 0.226875 | V15: =J15+U15 -> 0.226875
A16: P6 | L16: T6
A17: P7 | L17: T7
A18: P8 | L18: T8
A19: P9 | L19: T9
A20: P10 | L20: T10
A21: P11 | L21: T11
A22: Total | B22: =SUM(B11:B20) -> 3 | C22: =SUM(C11:C20) -> 0.024 | G22: =SUM(G11:G21) -> 0.3 | H22: =SUM(H11:H21) -> 2.31 | I22: =SUM(I11:I21) -> 12.6 | J22: =SUM(J11:J21) -> 15.21 | L22: Total | M22: =SUM(M11:M21) -> 1.449 | N22: =SUM(N11:N20) -> 0.079695 | R22: =SUM(R11:R21) -> 1.195425 | S22: =SUM(S11:S21) -> 6.2436 | T22: =SUM(T11:T21) -> 4.8411 | U22: =SUM(U11:U21) -> 12.280125 | V22: =SUM(V11:V21) -> 27.490125
A24: 年均停电时间 | E24: =V22/B22 -> 9.163375 | F24: minutes
A26: Le temps de coupure obtenu par le calcul du critère B est différent de celui calculé à partir de l'END. Cette différence provient du fait que les points de charge n'ont pas le même poids dans les deux calculs (1 transfo par PDL dans le calcul du critère B - puissance moyenne du PDL dans le calcul de l'END).
A28: 区域年均停电时长=（站点故障停电时长+线路段故障停电时长）/总负荷点数量
A31: 站点故障停电时长=∑各站点故障停电时长
A32: 各站点故障停电时长=（三遥操作前停电时长+三遥操作后人工操作前停电时长+人工操作后至故障恢复停电时长）*站点年故障次数
A33: 三遥操作前停电时长=失电负荷数*三遥动作时长
A34: 三遥操作后人工操作前停电时长=三遥操作后失电负荷数*人工隔离故障时长
A35: 人工操作后至故障恢复停电时长=人工隔离故障后失电负荷*故障恢复时长
A37: 线路段故障停电时长=∑各线路段故障停电时长
A38: 各站点故障停电时长=（三遥操作前停电时长+三遥操作后人工操作前停电时长+人工操作后至故障恢复停电时长）*线路段年故障次数
A39: 三遥操作前停电时长=失电负荷数*三遥动作时长
A40: 三遥操作后人工操作前停电时长=三遥操作后失电负荷数*人工隔离故障时长
A41: 人工操作后至故障恢复停电时长=人工隔离故障后失电负荷数*故障恢复时长

Sheet 南京路68
A1: Paramètres
A2: 新建电缆年故障次数（每百公里） | E2: 5.5 | H2: 电缆年故障次数（每百公里） | L2: 5.5
A3: 站点年故障次数（每百站点） | E3: 0.6 | H3: 故障恢复时间（小时） | L3: 7
A4: 三遥动作时间（分钟） | E4: 5
A5: 人工隔离故障时间（分钟） | E5: 55
A6: 故障恢复时间（小时） | E6: 9
A8: 站点 | B8: 负荷数 | C8: 年故障次数 | D8: Nbre de transfos coupés | G8: Nbre de transfos coupés x T | L8: 线路段 | M8: 长度（千米） | N8: 年故障次数 | O8: Nbre de transfos coupés | R8: Nbre de transfos coupés x T | V8: Total général
D9: 隔离故障前失电负荷数 | E9: 隔离故障后失电负荷数 | G9: 隔离故障前断电时长 | H9: 隔离操作后断电时长 | J9: Total | O9: 隔离故障前失电负荷数 | P9: 隔离故障后失电负荷数 | R9: 隔离故障前断电时长 | S9: 隔离操作后断电时长 | U9: Total
E10: 三遥 | F10: 人工 | H10: 三遥 | I10: 人工 | P10: 三遥 | Q10: 人工 | S10: 三遥 | T10: 人工
A11: P1 | B11: 1 | C11: =1*$E$3/100 -> 0.006 | D11: =$B$25 -> 13 | E11: 4 | F11: 2 | G11: =D11*$E$4*$C11 -> 0.39 | H11: =E11*$E$5*$C11 -> 1.32 | I11: =F11*($L$3*60)*$C11 -> 5.04 | J11: =G11+H11+I11 -> 6.75 | L11: T1 | M11: 0.498 | N11: =M11*$L$2/100 -> 0.02739 | O11: =$B$25 -> 13 | P11: 0 | Q11: 0 | R11: =O11*$E$4*$N11 -> 1.78035 | S11: =P11*$E$5*$N11 -> 0 | T11: =Q11*($E$6*60)*$N11 -> 0 | U11: =R11+S11+T11 -> 1.78035 | V11: =J11+U11 -> 8.53035
A12: P2 | B12: 1 | C12: =1*$E$3/100 -> 0.006 | D12: 13 | E12: 1 | F12: 1 | G12: =D12*$E$4*$C12 -> 0.39 | H12: =E12*$E$5*$C12 -> 0.33 | I12: =F12*($L$3*60)*$C12 -> 2.52 | J12: =G12+H12+I12 -> 3.24 | L12: T2 | M12: 0.095 | N12: =M12*$E$2/100 -> 0.005225 | O12: =$B$25 -> 13 | P12: 1 | Q12: 1 | R12: =O12*$E$4*$N12 -> 0.339625 | S12: =P12*$E$5*$N12 -> 0.287375 | T12: =Q12*($E$6*60)*$N12 -> 2.8215 | U12: =R12+S12+T12 -> 3.4485 | V12: =J12+U12 -> 6.6885
A13: P3 | B13: 1 | C13: =1*$E$3/100 -> 0.006 | D13: =$B$25 -> 13 | E13: 2 | F13: 2 | G13: =D13*$E$4*$C13 -> 0.39 | H13: =E13*$E$5*$C13 -> 0.66 | I13: =F13*($L$3*60)*$C13 -> 5.04 | J13: =G13+H13+I13 -> 6.09 | L13: T3 | M13: 0.047 | N13: =M13*$E$2/100 -> 0.002585 | O13: =$B$25 -> 13 | P13: 2 | Q13: 0 | R13: =O13*$E$4*$N13 -> 0.168025 | S13: =P13*$E$5*$N13 -> 0.28435 | T13: =Q13*($E$6*60)*$N13 -> 0 | U13: =R13+S13+T13 -> 0.452375 | V13: =J13+U13 -> 6.542375
A14: P4 | B14: 1 | C14: =1*$E$3/100 -> 0.006 | D14: 13 | E14: 1 | F14: 1 | G14: =D14*$E$4*$C14 -> 0.39 | H14: =E14*$E$5*$C14 -> 0.33 | I14: =F14*($L$3*60)*$C14 -> 2.52 | J14: =G14+H14+I14 -> 3.24 | L14: T4 | M14: 0.013 | N14: =M14*$E$2/100 -> 0.000715 | O14: =$B$25 -> 13 | P14: 1 | Q14: 1 | R14: =O14*$E$4*$N14 -> 0.046475 | S14: =P14*$E$5*$N14 -> 0.039325 | T14: =Q14*($E$6*60)*$N14 -> 0.3861 | U14: =R14+S14+T14 -> 0.4719 | V14: =J14+U14 -> 3.7119
A15: P5 | B15: 1 | C15: =1*$E$3/100 -> 0.006 | D15: =$B$25 -> 13 | E15: 8 | F15: 2 | G15: =D15*$E$4*$C15 -> 0.39 | H15: =E15*$E$5*$C15 -> 2.64 | I15: =F15*($L$3*60)*$C15 -> 5.04 | J15: =G15+H15+I15 -> 8.07 | L15: T5 | M15: 0.08 | N15: =M15*$E$2/100 -> 0.0044 | O15: =$B$25 -> 13 | P15: 2 | Q15: 0 | R15: =O15*$E$4*$N15 -> 0.286 | S15: =P15*$E$5*$N15 -> 0.484 | T15: =Q15*($E$6*60)*$N15 -> 0 | U15: =R15+S15+T15 -> 0.77 | V15: =J15+U15 -> 8.84
A16: P6 | B16: 1 | C16: =1*$E$3/100 -> 0.006 | D16: 13 | E16: 1 | F16: 1 | G16: =D16*$E$4*$C16 -> 0.39 | H16: =E16*$E$5*$C16 -> 0.33 | I16: =F16*($L$3*60)*$C16 -> 2.52 | J16: =G16+H16+I16 -> 3.24 | L16: T6 | M16: 0.02 | N16: =M16*$E$2/100 -> 0.0011 | O16: =$B$25 -> 13 | P16: 1 | Q16: 1 | R16: =O16*$E$4*$N16 -> 0.0715 | S16: =P16*$E$5*$N16 -> 0.0605 | T16: =Q16*($E$6*60)*$N16 -> 0.594 | U16: =R16+S16+T16 -> 0.726 | V16: =J16+U16 -> 3.966
A17: P7 | B17: 1 | C17: =1*$E$3/100 -> 0.006 | D17: =$B$25 -> 13 | E17: 4 | F17: 2 | G17: =D17*$E$4*$C17 -> 0.39 | H17: =E17*$E$5*$C17 -> 1.32 | I17: =F17*($L$3*60)*$C17 -> 5.04 | J17: =G17+H17+I17 -> 6.75 | L17: T7 | M17: 0.157 | N17: =M17*$E$2/100 -> 0.008635 | O17: =$B$25 -> 13 | P17: 4 | Q17: 0 | R17: =O17*$E$4*$N17 -> 0.561275 | S17: =P17*$E$5*$N17 -> 1.8997 | T17: =Q17*($E$6*60)*$N17 -> 0 | U17: =R17+S17+T17 -> 2.460975 | V17: =J17+U17 -> 9.210975
A18: P8 | B18: 1 | C18: =1*$E$3/100 -> 0.006 | D18: 13 | E18: 1 | F18: 1 | G18: =D18*$E$4*$C18 -> 0.39 | H18: =E18*$E$5*$C18 -> 0.33 | I18: =F18*($L$3*60)*$C18 -> 2.52 | J18: =G18+H18+I18 -> 3.24 | L18: T8 | M18: 0.092 | N18: =M18*$E$2/100 -> 0.00506 | O18: =$B$25 -> 13 | P18: 1 | Q18: 1 | R18: =O18*$E$4*$N18 -> 0.3289 | S18: =P18*$E$5*$N18 -> 0.2783 | T18: =Q18*($E$6*60)*$N18 -> 2.7324 | U18: =R18+S18+T18 -> 3.3396 | V18: =J18+U18 -> 6.5796
A19: P9 | B19: 1 | C19: =1*$E$3/100 -> 0.006 | D19: =$B$25 -> 13 | E19: 4 | F19: 2 | G19: =D19*$E$4*$C19 -> 0.39 | H19: =E19*$E$5*$C19 -> 1.32 | I19: =F19*($L$3*60)*$C19 -> 5.04 | J19: =G19+H19+I19 -> 6.75 | L19: T9 | M19: 0.034 | N19: =M19*$E$2/100 -> 0.00187 | O19: =$B$25 -> 13 | P19: 4 | Q19: 0 | R19: =O19*$E$4*$N19 -> 0.12155 | S19: =P19*$E$5*$N19 -> 0.4114 | T19: =Q19*($E$6*60)*$N19 -> 0 | U19: =R19+S19+T19 -> 0.53295 | V19: =J19+U19 -> 7.28295
A20: P10 | B20: 1 | C20: =1*$E$3/100 -> 0.006 | D20: 13 | E20: 1 | F20: 1 | G20: =D20*$E$4*$C20 -> 0.39 | H20: =E20*$E$5*$C20 -> 0.33 | I20: =F20*($L$3*60)*$C20 -> 2.52 | J20: =G20+H20+I20 -> 3.24 | L20: T10 | M20: 0.054 | N20: =M20*$E$2/100 -> 0.00297 | O20: =$B$25 -> 13 | P20: 1 | Q20: 1 | R20: =O20*$E$4*$N20 -> 0.19305 | S20: =P20*$E$5*$N20 -> 0.16335 | T20: =Q20*($E$6*60)*$N20 -> 1.6038 | U20: =R20+S20+T20 -> 1.9602 | V20: =J20+U20 -> 5.2002
A21: P11 | B21: 0 | C21: =1*$E$3/100 -> 0.006 | D21: 13 | E21: 6 | F21: 2 | G21: =D21*$E$4*$C21 -> 0.39 | H21: =E21*$E$5*$C21 -> 1.98 | I21: =F21*($L$3*60)*$C21 -> 5.04 | J21: =G21+H21+I21 -> 7.41 | L21: T11 | M21: 0.384 | N21: =M21*$E$2/100 -> 0.02112 | O21: =$B$25 -> 13 | P21: 4 | Q21: 0 | R21: =O21*$E$4*$N21 -> 1.3728 | S21: =P21*$E$5*$N21 -> 4.6464 | T21: =Q21*($E$6*60)*$N21 -> 0 | U21: =R21+S21+T21 -> 6.0192 | V21: =J21+U21 -> 13.4292
A22: P12 | B22: 1 | C22: =1*$E$3/100 -> 0.006 | D22: 1 | E22: 1 | F22: 1 | G22: =D22*$E$4*$C22 -> 0.03 | H22: =E22*$E$5*$C22 -> 0.33 | I22: =F22*($L$3*60)*$C22 -> 2.52 | J22: =G22+H22+I22 -> 2.88 | L22: T12 | M22: 0.03 | N22: =M22*$E$2/100 -> 0.00165 | O22: =$B$25 -> 13 | P22: 1 | Q22: 1 | R22: =O22*$E$4*$N22 -> 0.10725 | S22: =P22*$E$5*$N22 -> 0.09075 | T22: =Q22*($E$6*60)*$N22 -> 0.891 | U22: =R22+S22+T22 -> 1.089 | V22: =J22+U22 -> 3.969
A23: P13 | B23: 1 | C23: =1*$E$3/100 -> 0.006 | D23: 1 | E23: 1 | F23: 1 | G23: =D23*$E$4*$C23 -> 0.03 | H23: =E23*$E$5*$C23 -> 0.33 | I23: =F23*($L$3*60)*$C23 -> 2.52 | J23: =G23+H23+I23 -> 2.88 | L23: T13 | M23: 0.031 | N23: =M23*$E$2/100 -> 0.001705 | O23: =$B$25 -> 13 | P23: 1 | Q23: 1 | R23: =O23*$E$4*$N23 -> 0.110825 | S23: =P23*$E$5*$N23 -> 0.093775 | T23: =Q23*($E$6*60)*$N23 -> 0.9207 | U23: =R23+S23+T23 -> 1.1253 | V23: =J23+U23 -> 4.0053
A24: P14 | B24: 1 | C24: =1*$E$3/100 -> 0.006 | D24: =$B$25 -> 13 | E24: 1 | F24: 1 | G24: =D24*$E$4*$C24 -> 0.39 | H24: =E24*$E$5*$C24 -> 0.33 | I24: =F24*($L$3*60)*$C24 -> 2.52 | J24: =G24+H24+I24 -> 3.24 | L24: T14 | M24: 0.019 | N24: =M24*$E$2/100 -> 0.001045 | O24: =$B$25 -> 13 | P24: 1 | Q24: 0 | R24: =O24*$E$4*$N24 -> 0.067925 | S24: =P24*$E$5*$N24 -> 0.057475 | T24: =Q24*($E$6*60)*$N24 -> 0 | U24: =R24+S24+T24 -> 0.1254 | V24: =J24+U24 -> 3.3654
A25: Total | B25: =SUM(B11:B24) -> 13 | C25: =SUM(C11:C24) -> 0.084 | G25: =SUM(G11:G24) -> 4.74 | H25: =SUM(H11:H24) -> 11.88 | I25: =SUM(I11:I24) -> 50.4 | J25: =SUM(J11:J24) -> 67.02 | L25: Total | M25: =SUM(M11:M24) -> 1.554 | N25: =SUM(N11:N20) -> 0.05995 | R25: =SUM(R11:R21) -> 5.26955 | S25: =SUM(S11:S24) -> 8.7967 | T25: =SUM(T11:T24) -> 9.9495 | U25: =SUM(U11:U21) -> 21.96205 | V25: =SUM(V11:V21) -> 79.98205
A27: 年均停电时间 | E27: =V25/B25 -> 6.1524654 | F27: minutes
A29: Le temps de coupure obtenu par le calcul du critère B est différent de celui calculé à partir de l'END. Cette différence provient du fait que les points de charge n'ont pas le même poids dans les deux calculs (1 transfo par PDL dans le calcul du critère B - puissance moyenne du PDL dans le calcul de l'END).
A31: 区域年均停电时长=（站点故障停电时长+线路段故障停电时长）/总负荷点数量
A34: 站点故障停电时长=∑各站点故障停电时长
A35: 各站点故障停电时长=（三遥操作前停电时长+三遥操作后人工操作前停电时长+人工操作后至故障恢复停电时长）*站点年故障次数
A36: 三遥操作前停电时长=失电负荷数*三遥动作时长
A37: 三遥操作后人工操作前停电时长=三遥操作后失电负荷数*人工隔离故障时长
A38: 人工操作后至故障恢复停电时长=人工隔离故障后失电负荷*故障恢复时长
A40: 线路段故障停电时长=∑各线路段故障停电时长
A41: 各站点故障停电时长=（三遥操作前停电时长+三遥操作后人工操作前停电时长+人工操作后至故障恢复停电时长）*线路段年故障次数
A42: 三遥操作前停电时长=失电负荷数*三遥动作时长
A43: 三遥操作后人工操作前停电时长=三遥操作后失电负荷数*人工隔离故障时长
A44: 人工操作后至故障恢复停电时长=人工隔离故障后失电负荷数*故障恢复时长

Sheet 南京路64
A1: Paramètres
A2: 新建电缆年故障次数（每百公里） | E2: 5.5 | H2: 电缆年故障次数（每百公里） | L2: 5.5
A3: 站点年故障次数（每百站点） | E3: 0.6 | H3: 故障恢复时间（小时） | L3: 7
A4: 三遥动作时间（分钟） | E4: 5
A5: 人工隔离故障时间（分钟） | E5: 55
A6: 故障恢复时间（小时） | E6: 9
A8: 站点 | B8: 负荷数 | C8: 年故障次数 | D8: Nbre de transfos coupés | G8: Nbre de transfos coupés x T | L8: 线路段 | M8: 长度（千米） | N8: 年故障次数 | O8: Nbre de transfos coupés | R8: Nbre de transfos coupés x T | V8: Total général
D9: 隔离故障前失电负荷数 | E9: 隔离故障后失电负荷数 | G9: 隔离故障前断电时长 | H9: 隔离操作后断电时长 | J9: Total | O9: 隔离故障前失电负荷数 | P9: 隔离故障后失电负荷数 | R9: 隔离故障前断电时长 | S9: 隔离操作后断电时长 | U9: Total
E10: 三遥 | F10: 人工 | H10: 三遥 | I10: 人工 | P10: 三遥 | Q10: 人工 | S10: 三遥 | T10: 人工
A11: P1 | B11: 1 | C11: =1*$E$3/100 -> 0.006 | D11: =$B$25 -> 12 | E11: 2 | F11: 1 | G11: =D11*$E$4*$C11 -> 0.36 | H11: =E11*$E$5*$C11 -> 0.66 | I11: =F11*($L$3*60)*$C11 -> 2.52 | J11: =G11+H11+I11 -> 3.54 | L11: T1 | M11: 0.452 | N11: =M11*$L$2/100 -> 0.02486 | O11: =$B$25 -> 12 | P11: 0 | Q11: 0 | R11: =O11*$E$4*$N11 -> 1.4916 | S11: =P11*$E$5*$N11 -> 0 | T11: =Q11*($E$6*60)*$N11 -> 0 | U11: =R11+S11+T11 -> 1.4916 | V11: =J11+U11 -> 5.0316
A12: P2 | B12: 1 | C12: =1*$E$3/100 -> 0.006 | D12: =$B$25 -> 12 | E12: 1 | F12: 1 | G12: =D12*$E$4*$C12 -> 0.36 | H12: =E12*$E$5*$C12 -> 0.33 | I12: =F12*($L$3*60)*$C12 -> 2.52 | J12: =G12+H12+I12 -> 3.21 | L12: T2 | M12: 0.04 | N12: =M12*$E$2/100 -> 0.0022 | O12: =$B$25 -> 12 | P12: 1 | Q12: 0 | R12: =O12*$E$4*$N12 -> 0.132 | S12: =P12*$E$5*$N12 -> 0.121 | T12: =Q12*($E$6*60)*$N12 -> 0 | U12: =R12+S12+T12 -> 0.253 | V12: =J12+U12 -> 3.463
A13: P3 | B13: 1 | C13: =1*$E$3/100 -> 0.006 | D13: =$B$25 -> 12 | E13: 5 | F13: 1 | G13: =D13*$E$4*$C13 -> 0.36 | H13: =E13*$E$5*$C13 -> 1.65 | I13: =F13*($L$3*60)*$C13 -> 2.52 | J13: =G13+H13+I13 -> 4.53 | L13: T3 | M13: 0.059 | N13: =M13*$E$2/100 -> 0.003245 | O13: =$B$25 -> 12 | P13: 1 | Q13: 0 | R13: =O13*$E$4*$N13 -> 0.1947 | S13: =P13*$E$5*$N13 -> 0.178475 | T13: =Q13*($E$6*60)*$N13 -> 0 | U13: =R13+S13+T13 -> 0.373175 | V13: =J13+U13 -> 4.903175
A14: P4 | B14: 1 | C14: =1*$E$3/100 -> 0.006 | D14: =$B$25 -> 12 | E14: 3 | F14: 3 | G14: =D14*$E$4*$C14 -> 0.36 | H14: =E14*$E$5*$C14 -> 0.99 | I14: =F14*($L$3*60)*$C14 -> 7.56 | J14: =G14+H14+I14 -> 8.91 | L14: T4 | M14: 0.028 | N14: =M14*$E$2/100 -> 0.00154 | O14: =$B$25 -> 12 | P14: 3 | Q14: 0 | R14: =O14*$E$4*$N14 -> 0.0924 | S14: =P14*$E$5*$N14 -> 0.2541 | T14: =Q14*($E$6*60)*$N14 -> 0 | U14: =R14+S14+T14 -> 0.3465 | V14: =J14+U14 -> 9.2565
A15: P5 | B15: 1 | C15: =1*$E$3/100 -> 0.006 | D15: 12 | E15: 1 | F15: 1 | G15: =D15*$E$4*$C15 -> 0.36 | H15: =E15*$E$5*$C15 -> 0.33 | I15: =F15*($L$3*60)*$C15 -> 2.52 | J15: =G15+H15+I15 -> 3.21 | L15: T5 | M15: 0.025 | N15: =M15*$E$2/100 -> 0.001375 | O15: =$B$25 -> 12 | P15: 3 | Q15: 1 | R15: =O15*$E$4*$N15 -> 0.0825 | S15: =P15*$E$5*$N15 -> 0.226875 | T15: =Q15*($E$6*60)*$N15 -> 0.7425 | U15: =R15+S15+T15 -> 1.051875 | V15: =J15+U15 -> 4.261875
A16: P6 | B16: 1 | C16: =1*$E$3/100 -> 0.006 | D16: 12 | E16: 1 | F16: 1 | G16: =D16*$E$4*$C16 -> 0.36 | H16: =E16*$E$5*$C16 -> 0.33 | I16: =F16*($L$3*60)*$C16 -> 2.52 | J16: =G16+H16+I16 -> 3.21 | L16: T6 | M16: 0.061 | N16: =M16*$E$2/100 -> 0.003355 | O16: =$B$25 -> 12 | P16: 3 | Q16: 1 | R16: =O16*$E$4*$N16 -> 0.2013 | S16: =P16*$E$5*$N16 -> 0.553575 | T16: =Q16*($E$6*60)*$N16 -> 1.8117 | U16: =R16+S16+T16 -> 2.566575 | V16: =J16+U16 -> 5.776575
A17: P7 | B17: 0 | C17: =1*$E$3/100 -> 0.006 | D17: =$B$25 -> 12 | E17: 7 | F17: 2 | G17: =D17*$E$4*$C17 -> 0.36 | H17: =E17*$E$5*$C17 -> 2.31 | I17: =F17*($L$3*60)*$C17 -> 5.04 | J17: =G17+H17+I17 -> 7.71 | L17: T7 | M17: 0.1 | N17: =M17*$E$2/100 -> 0.0055 | O17: =$B$25 -> 12 | P17: 3 | Q17: 0 | R17: =O17*$E$4*$N17 -> 0.33 | S17: =P17*$E$5*$N17 -> 0.9075 | T17: =Q17*($E$6*60)*$N17 -> 0 | U17: =R17+S17+T17 -> 1.2375 | V17: =J17+U17 -> 8.9475
A18: P8 | B18: 1 | C18: =1*$E$3/100 -> 0.006 | D18: 1 | E18: 1 | F18: 1 | G18: =D18*$E$4*$C18 -> 0.03 | H18: =E18*$E$5*$C18 -> 0.33 | I18: =F18*($L$3*60)*$C18 -> 2.52 | J18: =G18+H18+I18 -> 2.88 | L18: T8 | M18: 0.044 | N18: =M18*$E$2/100 -> 0.00242 | O18: =$B$25 -> 12 | P18: 1 | Q18: 1 | R18: =O18*$E$4*$N18 -> 0.1452 | S18: =P18*$E$5*$N18 -> 0.1331 | T18: =Q18*($E$6*60)*$N18 -> 1.3068 | U18: =R18+S18+T18 -> 1.5851 | V18: =J18+U18 -> 4.4651
A19: P9 | B19: 1 | C19: =1*$E$3/100 -> 0.006 | D19: 1 | E19: 1 | F19: 1 | G19: =D19*$E$4*$C19 -> 0.03 | H19: =E19*$E$5*$C19 -> 0.33 | I19: =F19*($L$3*60)*$C19 -> 2.52 | J19: =G19+H19+I19 -> 2.88 | L19: T9 | M19: 0.036 | N19: =M19*$E$2/100 -> 0.00198 | O19: =$B$25 -> 12 | P19: 1 | Q19: 1 | R19: =O19*$E$4*$N19 -> 0.1188 | S19: =P19*$E$5*$N19 -> 0.1089 | T19: =Q19*($E$6*60)*$N19 -> 1.0692 | U19: =R19+S19+T19 -> 1.2969 | V19: =J19+U19 -> 4.1769
A20: P10 | B20: 1 | C20: =1*$E$3/100 -> 0.006 | D20: =$B$25 -> 12 | E20: 2 | F20: 1 | G20: =D20*$E$4*$C20 -> 0.36 | H20: =E20*$E$5*$C20 -> 0.66 | I20: =F20*($L$3*60)*$C20 -> 2.52 | J20: =G20+H20+I20 -> 3.54 | L20: T10 | M20: 0.125 | N20: =M20*$E$2/100 -> 0.006875 | O20: =$B$25 -> 12 | P20: 2 | Q20: 0 | R20: =O20*$E$4*$N20 -> 0.4125 | S20: =P20*$E$5*$N20 -> 0.75625 | T20: =Q20*($E$6*60)*$N20 -> 0 | U20: =R20+S20+T20 -> 1.16875 | V20: =J20+U20 -> 4.70875
A21: P11 | B21: 0 | C21: =1*$E$3/100 -> 0.006 | D21: =$B$25 -> 12 | E21: 2 | F21: 1 | G21: =D21*$E$4*$C21 -> 0.36 | H21: =E21*$E$5*$C21 -> 0.66 | I21: =F21*($L$3*60)*$C21 -> 2.52 | J21: =G21+H21+I21 -> 3.54 | L21: T11 | M21: 0.167 | N21: =M21*$E$2/100 -> 0.009185 | O21: =$B$25 -> 12 | P21: 2 | Q21: 0 | R21: =O21*$E$4*$N21 -> 0.5511 | S21: =P21*$E$5*$N21 -> 1.01035 | T21: =Q21*($E$6*60)*$N21 -> 0 | U21: =R21+S21+T21 -> 1.56145 | V21: =J21+U21 -> 5.10145
A22: P12 | B22: 1 | C22: =1*$E$3/100 -> 0.006 | D22: 1 | E22: 1 | F22: 1 | G22: =D22*$E$4*$C22 -> 0.03 | H22: =E22*$E$5*$C22 -> 0.33 | I22: =F22*($L$3*60)*$C22 -> 2.52 | J22: =G22+H22+I22 -> 2.88 | L22: T12 | M22: 0.03 | N22: =M22*$E$2/100 -> 0.00165 | O22: =$B$25 -> 12 | P22: 1 | Q22: 1 | R22: =O22*$E$4*$N22 -> 0.099 | S22: =P22*$E$5*$N22 -> 0.09075 | T22: =Q22*($E$6*60)*$N22 -> 0.891 | U22: =R22+S22+T22 -> 1.08075 | V22: =J22+U22 -> 3.96075
A23: P13 | B23: 1 | C23: =1*$E$3/100 -> 0.006 | D23: =$B$25 -> 12 | E23: 4 | F23: 2 | G23: =D23*$E$4*$C23 -> 0.36 | H23: =E23*$E$5*$C23 -> 1.32 | I23: =F23*($L$3*60)*$C23 -> 5.04 | J23: =G23+H23+I23 -> 6.72 | L23: T13 | M23: 0.3 | N23: =M23*$E$2/100 -> 0.0165 | O23: =$B$25 -> 12 | P23: 3 | Q23: 0 | R23: =O23*$E$4*$N23 -> 0.99 | S23: =P23*$E$5*$N23 -> 2.7225 | T23: =Q23*($E$6*60)*$N23 -> 0 | U23: =R23+S23+T23 -> 3.7125 | V23: =J23+U23 -> 10.4325
A24: P14 | B24: 1 | C24: =1*$E$3/100 -> 0.006 | D24: 1 | E24: 1 | F24: 1 | G24: =D24*$E$4*$C24 -> 0.03 | H24: =E24*$E$5*$C24 -> 0.33 | I24: =F24*($L$3*60)*$C24 -> 2.52 | J24: =G24+H24+I24 -> 2.88 | L24: T14 | M24: 0.019 | N24: =M24*$E$2/100 -> 0.001045 | O24: =$B$25 -> 12 | P24: 1 | Q24: 1 | R24: =O24*$E$4*$N24 -> 0.0627 | S24: =P24*$E$5*$N24 -> 0.057475 | T24: =Q24*($E$6*60)*$N24 -> 0.5643 | U24: =R24+S24+T24 -> 0.684475 | V24: =J24+U24 -> 3.564475
A25: Total | B25: =SUM(B11:B24) -> 12 | C25: =SUM(C11:C24) -> 0.084 | D25: =SUM(D11:D24) -> 124 | E25: =SUM(E11:E24) -> 32 | F25: =SUM(F11:F24) -> 18 | G25: =SUM(G11:G24) -> 3.72 | H25: =SUM(H11:H24) -> 10.56 | I25: =SUM(I11:I24) -> 45.36 | J25: =SUM(J11:J24) -> 59.64 | L25: Total | M25: =SUM(M11:M24) -> 1.486 | N25: =SUM(N11:N24) -> 0.08173 | R25: =SUM(R11:R24) -> 4.9038 | S25: =SUM(S11:S24) -> 7.12085 | T25: =SUM(T11:T24) -> 6.3855 | U25: =SUM(U11:U24) -> 18.41015 | V25: =SUM(V11:V24) -> 78.05015
A27: 年均停电时间 | E27: =V25/B25 -> 6.5041792 | F27: minutes
A29: Le temps de coupure obtenu par le calcul du critère B est différent de celui calculé à partir de l'END. Cette différence provient du fait que les points de charge n'ont pas le même poids dans les deux calculs (1 transfo par PDL dans le calcul du critère B - puissance moyenne du PDL dans le calcul de l'END).
A31: 区域年均停电时长=（站点故障停电时长+线路段故障停电时长）/总负荷点数量
A34: 站点故障停电时长=∑各站点故障停电时长
A35: 各站点故障停电时长=（三遥操作前停电时长+三遥操作后人工操作前停电时长+人工操作后至故障恢复停电时长）*站点年故障次数
A36: 三遥操作前停电时长=失电负荷数*三遥动作时长
A37: 三遥操作后人工操作前停电时长=三遥操作后失电负荷数*人工隔离故障时长
A38: 人工操作后至故障恢复停电时长=人工隔离故障后失电负荷*故障恢复时长
A40: 线路段故障停电时长=∑各线路段故障停电时长
A41: 各站点故障停电时长=（三遥操作前停电时长+三遥操作后人工操作前停电时长+人工操作后至故障恢复停电时长）*线路段年故障次数
A42: 三遥操作前停电时长=失电负荷数*三遥动作时长
A43: 三遥操作后人工操作前停电时长=三遥操作后失电负荷数*人工隔离故障时长
A44: 人工操作后至故障恢复停电时长=人工隔离故障后失电负荷数*故障恢复时长

Sheet 公安街77
A1: Paramètres
A2: 新建电缆年故障次数（每百公里） | E2: 5.5 | I2: 电缆年故障次数（每百公里） | M2: 5.5
A3: 站点年故障次数（每百站点） | E3: 0.6 | I3: 故障恢复时间（小时） | M3: 7
A4: 三遥动作时间（分钟） | E4: 5
A5: 人工隔离故障时间（分钟） | E5: 55
A6: 故障恢复时间（小时） | E6: 9
A8: 站点 | B8: 负荷数 | C8: 年故障次数 | D8: Nbre de transfos coupés | G8: Nbre de transfos coupés x T | L8: 线路段 | M8: 长度（千米） | N8: 年故障次数 | O8: Nbre de transfos coupés | R8: Nbre de transfos coupés x T | V8: Total général
D9: 隔离故障前失电负荷数 | E9: 隔离故障后失电负荷数 | G9: 隔离故障前断电时长 | H9: 隔离操作后断电时长 | J9: Total | O9: 隔离故障前失电负荷数 | P9: 隔离故障后失电负荷数 | R9: 隔离故障前断电时长 | S9: 隔离操作后断电时长 | U9: Total
E10: 三遥 | F10: 人工 | H10: 三遥 | I10: 人工 | P10: 三遥 | Q10: 人工 | S10: 三遥 | T10: 人工
A11: P1 | B11: 1 | C11: =1*$E$3/100 -> 0.006 | D11: =$B$22 -> 11 | E11: 5 | F11: 1 | G11: =D11*$E$4*$C11 -> 0.33 | H11: =E11*$E$5*$C11 -> 1.65 | I11: =F11*($M$3*60)*$C11 -> 2.52 | J11: =G11+H11+I11 -> 4.5 | L11: T1 | M11: 0.046 | N11: =M11*$M$2/100 -> 0.00253 | O11: =$B$22 -> 11 | P11: 5 | Q11: 0 | R11: =O11*$E$4*$N11 -> 0.13915 | S11: =P11*$E$5*$N11 -> 0.69575 | T11: =Q11*($E$6*60)*$N11 -> 0 | U11: =R11+S11+T11 -> 0.8349 | V11: =J11+U11 -> 5.3349
A12: P2 | B12: 2 | C12: =1*$E$3/100 -> 0.006 | D12: =$B$22 -> 11 | E12: 5 | F12: 2 | G12: =D12*$E$4*$C12 -> 0.33 | H12: =E12*$E$5*$C12 -> 1.65 | I12: =F12*($M$3*60)*$C12 -> 5.04 | J12: =G12+H12+I12 -> 7.02 | L12: T2 | M12: 0.02 | N12: =M12*$E$2/100 -> 0.0011 | O12: =$B$22 -> 11 | P12: 5 | Q12: 0 | R12: =O12*$E$4*$N12 -> 0.0605 | S12: =P12*$E$5*$N12 -> 0.3025 | T12: =Q12*($E$6*60)*$N12 -> 0 | U12: =R12+S12+T12 -> 0.363 | V12: =J12+U12 -> 7.383
A13: P3 | B13: 0 | C13: =1*$E$3/100 -> 0.006 | D13: 11 | E13: 5 | F13: 2 | G13: =D13*$E$4*$C13 -> 0.33 | H13: =E13*$E$5*$C13 -> 1.65 | I13: =F13*($M$3*60)*$C13 -> 5.04 | J13: =G13+H13+I13 -> 7.02 | L13: T3 | M13: 1.156 | N13: =M13*$E$2/100 -> 0.06358 | O13: =$B$22 -> 11 | P13: 5 | Q13: 0 | R13: =O13*$E$4*$N13 -> 3.4969 | S13: =P13*$E$5*$N13 -> 17.4845 | T13: =Q13*($E$6*60)*$N13 -> 0 | U13: =R13+S13+T13 -> 20.9814 | V13: =J13+U13 -> 28.0014
A14: P4 | B14: 1 | C14: =1*$E$3/100 -> 0.006 | D14: 1 | E14: 1 | F14: 1 | G14: =D14*$E$4*$C14 -> 0.03 | H14: =E14*$E$5*$C14 -> 0.33 | I14: =F14*($M$3*60)*$C14 -> 2.52 | J14: =G14+H14+I14 -> 2.88 | L14: T4 | M14: 0.031 | N14: =M14*$E$2/100 -> 0.001705 | O14: =$B$22 -> 11 | P14: 5 | Q14: 1 | R14: =O14*$E$4*$N14 -> 0.093775 | S14: =P14*$E$5*$N14 -> 0.468875 | T14: =Q14*($E$6*60)*$N14 -> 0.9207 | U14: =R14+S14+T14 -> 1.48335 | V14: =J14+U14 -> 4.36335
A15: P5 | B15: 1 | C15: =1*$E$3/100 -> 0.006 | D15: 1 | E15: 1 | F15: 1 | G15: =D15*$E$4*$C15 -> 0.03 | H15: =E15*$E$5*$C15 -> 0.33 | I15: =F15*($M$3*60)*$C15 -> 2.52 | J15: =G15+H15+I15 -> 2.88 | L15: T5 | M15: 0.086 | N15: =M15*$E$2/100 -> 0.00473 | O15: =$B$22 -> 11 | P15: 5 | Q15: 1 | R15: =O15*$E$4*$N15 -> 0.26015 | S15: =P15*$E$5*$N15 -> 1.30075 | T15: =Q15*($E$6*60)*$N15 -> 2.5542 | U15: =R15+S15+T15 -> 4.1151 | V15: =J15+U15 -> 6.9951
A16: P6 | B16: 1 | C16: =1*$E$3/100 -> 0.006 | D16: =$B$22 -> 11 | E16: 7 | F16: 2 | G16: =D16*$E$4*$C16 -> 0.33 | H16: =E16*$E$5*$C16 -> 2.31 | I16: =F16*($M$3*60)*$C16 -> 5.04 | J16: =G16+H16+I16 -> 7.68 | L16: T6 | M16: 0.038 | N16: =M16*$E$2/100 -> 0.00209 | O16: =$B$22 -> 11 | P16: 5 | Q16: 0 | R16: =O16*$E$4*$N16 -> 0.11495 | S16: =P16*$E$5*$N16 -> 0.57475 | T16: =Q16*($E$6*60)*$N16 -> 0 | U16: =R16+S16+T16 -> 0.6897 | V16: =J16+U16 -> 8.3697
A17: P7 | B17: 1 | C17: =1*$E$3/100 -> 0.006 | D17: 11 | E17: 1 | F17: 1 | G17: =D17*$E$4*$C17 -> 0.33 | H17: =E17*$E$5*$C17 -> 0.33 | I17: =F17*($M$3*60)*$C17 -> 2.52 | J17: =G17+H17+I17 -> 3.18 | L17: T7 | M17: 0.016 | N17: =M17*$E$2/100 -> 0.00088 | O17: =$B$22 -> 11 | P17: 1 | Q17: 1 | R17: =O17*$E$4*$N17 -> 0.0484 | S17: =P17*$E$5*$N17 -> 0.0484 | T17: =Q17*($E$6*60)*$N17 -> 0.4752 | U17: =R17+S17+T17 -> 0.572 | V17: =J17+U17 -> 3.752
A18: P8 | B18: 1 | C18: =1*$E$3/100 -> 0.006 | D18: 11 | E18: 4 | F18: 1 | G18: =D18*$E$4*$C18 -> 0.33 | H18: =E18*$E$5*$C18 -> 1.32 | I18: =F18*($M$3*60)*$C18 -> 2.52 | J18: =G18+H18+I18 -> 4.17 | L18: T8 | M18: 0.202 | N18: =M18*$E$2/100 -> 0.01111 | O18: =$B$22 -> 11 | P18: 0 | Q18: 0 | R18: =O18*$E$4*$N18 -> 0.61105 | S18: =P18*$E$5*$N18 -> 0 | T18: =Q18*($E$6*60)*$N18 -> 0 | U18: =R18+S18+T18 -> 0.61105 | V18: =J18+U18 -> 4.78105
A19: P9 | B19: 1 | C19: =1*$E$3/100 -> 0.006 | D19: 11 | E19: 3 | F19: 1 | G19: =D19*$E$4*$C19 -> 0.33 | H19: =E19*$E$5*$C19 -> 0.99 | I19: =F19*($M$3*60)*$C19 -> 2.52 | J19: =G19+H19+I19 -> 3.84 | L19: T9 | M19: 0.023 | N19: =M19*$M$2/100 -> 0.001265 | O19: =$B$22 -> 11 | P19: 3 | Q19: 0 | R19: =O19*$E$4*$N19 -> 0.069575 | S19: =P19*$E$5*$N19 -> 0.208725 | T19: =Q19*($E$6*60)*$N19 -> 0 | U19: =R19+S19+T19 -> 0.2783 | V19: =J19+U19 -> 4.1183
A20: P10 | B20: 1 | C20: =1*$E$3/100 -> 0.006 | D20: 11 | E20: 3 | F20: 2 | G20: =D20*$E$4*$C20 -> 0.33 | H20: =E20*$E$5*$C20 -> 0.99 | I20: =F20*($M$3*60)*$C20 -> 5.04 | J20: =G20+H20+I20 -> 6.36 | L20: T10 | M20: 0.031 | N20: =M20*$M$2/100 -> 0.001705 | O20: 11 | P20: 3 | Q20: 0 | R20: =O20*$E$4*$N20 -> 0.093775 | S20: =P20*$E$5*$N20 -> 0.281325 | T20: =Q20*($E$6*60)*$N20 -> 0 | U20: =R20+S20+T20 -> 0.3751 | V20: =J20+U20 -> 6.7351
A21: P11 | B21: 1 | C21: =1*$E$3/100 -> 0.006 | D21: 11 | E21: 1 | F21: 1 | G21: =D21*$E$4*$C21 -> 0.33 | H21: =E21*$E$5*$C21 -> 0.33 | I21: =F21*($M$3*60)*$C21 -> 2.52 | J21: =G21+H21+I21 -> 3.18 | L21: T11 | M21: 0.082 | N21: =M21*$M$2/100 -> 0.00451 | O21: 11 | P21: 3 | Q21: 1 | R21: =O21*$E$4*$N21 -> 0.24805 | S21: =P21*$E$5*$N21 -> 0.74415 | T21: =Q21*($E$6*60)*$N21 -> 2.4354 | U21: =R21+S21+T21 -> 3.4276 | V21: =J21+U21 -> 6.6076
A22: Total | B22: =SUM(B11:B21) -> 11 | C22: =SUM(C11:C20) -> 0.06 | G22: =SUM(G11:G21) -> 3.03 | H22: =SUM(H11:H21) -> 11.88 | I22: =SUM(I11:I21) -> 37.8 | J22: =SUM(J11:J21) -> 52.71 | L22: Total | M22: =SUM(M11:M21) -> 1.731 | N22: =SUM(N11:N20) -> 0.090695 | R22: =SUM(R11:R21) -> 5.236275 | S22: =SUM(S11:S21) -> 22.109725 | T22: =SUM(T11:T21) -> 6.3855 | U22: =SUM(U11:U21) -> 33.7315 | V22: =SUM(V11:V21) -> 86.4415
A24: 年均停电时间 | E24: =V22/B22 -> 7.8583182 | F24: minutes
A26: Le temps de coupure obtenu par le calcul du critère B est différent de celui calculé à partir de l'END. Cette différence provient du fait que les points de charge n'ont pas le même poids dans les deux calculs (1 transfo par PDL dans le calcul du critère B - puissance moyenne du PDL dans le calcul de l'END).
A28: 区域年均停电时长=（站点故障停电时长+线路段故障停电时长）/总负荷点数量
A31: 站点故障停电时长=∑各站点故障停电时长
A32: 各站点故障停电时长=（三遥操作前停电时长+三遥操作后人工操作前停电时长+人工操作后至故障恢复停电时长）*站点年故障次数
A33: 三遥操作前停电时长=失电负荷数*三遥动作时长
A34: 三遥操作后人工操作前停电时长=三遥操作后失电负荷数*人工隔离故障时长
A35: 人工操作后至故障恢复停电时长=人工隔离故障后失电负荷*故障恢复时长
A37: 线路段故障停电时长=∑各线路段故障停电时长
A38: 各站点故障停电时长=（三遥操作前停电时长+三遥操作后人工操作前停电时长+人工操作后至故障恢复停电时长）*线路段年故障次数
A39: 三遥操作前停电时长=失电负荷数*三遥动作时长
A40: 三遥操作后人工操作前停电时长=三遥操作后失电负荷数*人工隔离故障时长
A41: 人工操作后至故障恢复停电时长=人工隔离故障后失电负荷数*故障恢复时长

Sheet 停电时间计算
A1: Paramètres
A2: 电缆年故障次数（每百公里） | E2: 5
A3: 站点年故障次数（每百站点） | E3: 0.6
A4: 三遥动作时间（分钟） | E4: 5
A5: 人工隔离故障时间（分钟） | E5: 55
A6: 故障恢复时间（小时） | E6: 9
A8: 站点 | B8: 负荷数 | C8: 年故障次数 | D8: Nbre de transfos coupés | G8: Nbre de transfos coupés x T | L8: 线路段 | M8: 长度（千米） | N8: 年故障次数 | O8: Nbre de transfos coupés | R8: Nbre de transfos coupés x T | V8: Total général
D9: 隔离故障前失电负荷数 | E9: 隔离故障后失电负荷数 | G9: 隔离故障前断电时长 | H9: 隔离操作后断电时长 | J9: Total | O9: 隔离故障前失电负荷数 | P9: 隔离故障后失电负荷数 | R9: 隔离故障前断电时长 | S9: 隔离操作后断电时长 | U9: Total
E10: 三遥 | F10: 人工 | H10: 三遥 | I10: 人工 | P10: 三遥 | Q10: 人工 | S10: 三遥 | T10: 人工
A11: P1 | B11: 1 | C11: =1*$E$3/100 -> 0.006 | D11: =$B$21 -> 8 | E11: 3 | F11: 1 | G11: =D11*$E$4*$C11 -> 0.24 | H11: =E11*$E$5*$C11 -> 0.99 | I11: =F11*($E$6*60)*$C11 -> 3.24 | J11: =G11+H11+I11 -> 4.47 | L11: T1 | M11: 0.1 | N11: =M11*$E$2/100 -> 0.005 | O11: =$B$21 -> 8 | P11: 3 | Q11: 0 | R11: =O11*$E$4*$N11 -> 0.2 | S11: =P11*$E$5*$N11 -> 0.825 | T11: =Q11*($E$6*60)*$N11 -> 0 | U11: =R11+S11+T11 -> 1.025 | V11: =J11+U11 -> 5.495
A12: P2 | B12: 0 | C12: =1*$E$3/100 -> 0.006 | D12: =$B$21 -> 8 | E12: 3 | F12: 1 | G12: =D12*$E$4*$C12 -> 0.24 | H12: =E12*$E$5*$C12 -> 0.99 | I12: =F12*($E$6*60)*$C12 -> 3.24 | J12: =G12+H12+I12 -> 4.47 | L12: T2 | M12: 0.15 | N12: =M12*$E$2/100 -> 0.0075 | O12: =$B$21 -> 8 | P12: 3 | Q12: 0 | R12: =O12*$E$4*$N12 -> 0.3 | S12: =P12*$E$5*$N12 -> 1.2375 | T12: =Q12*($E$6*60)*$N12 -> 0 | U12: =R12+S12+T12 -> 1.5375 | V12: =J12+U12 -> 6.0075
A13: P3 | B13: 1 | C13: =1*$E$3/100 -> 0.006 | D13: =$B$21 -> 8 | E13: 3 | F13: 1 | G13: =D13*$E$4*$C13 -> 0.24 | H13: =E13*$E$5*$C13 -> 0.99 | I13: =F13*($E$6*60)*$C13 -> 3.24 | J13: =G13+H13+I13 -> 4.47 | L13: T3 | M13: 0.2 | N13: =M13*$E$2/100 -> 0.01 | O13: =$B$21 -> 8 | P13: 3 | Q13: 1 | R13: =O13*$E$4*$N13 -> 0.4 | S13: =P13*$E$5*$N13 -> 1.65 | T13: =Q13*($E$6*60)*$N13 -> 5.4 | U13: =R13+S13+T13 -> 7.45 | V13: =J13+U13 -> 11.92
A14: P4 | B14: 1 | C14: =1*$E$3/100 -> 0.006 | D14: =$B$21 -> 8 | E14: 3 | F14: 1 | G14: =D14*$E$4*$C14 -> 0.24 | H14: =E14*$E$5*$C14 -> 0.99 | I14: =F14*($E$6*60)*$C14 -> 3.24 | J14: =G14+H14+I14 -> 4.47 | L14: T4 | M14: 0.25 | N14: =M14*$E$2/100 -> 0.0125 | O14: =$B$21 -> 8 | P14: 3 | Q14: 0 | R14: =O14*$E$4*$N14 -> 0.5 | S14: =P14*$E$5*$N14 -> 2.0625 | T14: =Q14*($E$6*60)*$N14 -> 0 | U14: =R14+S14+T14 -> 2.5625 | V14: =J14+U14 -> 7.0325
A15: P5 | B15: 1 | C15: =1*$E$3/100 -> 0.006 | D15: =$B$21 -> 8 | E15: 8 | F15: 1 | G15: =D15*$E$4*$C15 -> 0.24 | H15: =E15*$E$5*$C15 -> 2.64 | I15: =F15*($E$6*60)*$C15 -> 3.24 | J15: =G15+H15+I15 -> 6.12 | L15: T5 | M15: 0.1 | N15: =M15*$E$2/100 -> 0.005 | O15: =$B$21 -> 8 | P15: 3 | Q15: 0 | R15: =O15*$E$4*$N15 -> 0.2 | S15: =P15*$E$5*$N15 -> 0.825 | T15: =Q15*($E$6*60)*$N15 -> 0 | U15: =R15+S15+T15 -> 1.025 | V15: =J15+U15 -> 7.145
A16: P6 | B16: 1 | C16: =1*$E$3/100 -> 0.006 | D16: =$B$21 -> 8 | E16: 4 | F16: 1 | G16: =D16*$E$4*$C16 -> 0.24 | H16: =E16*$E$5*$C16 -> 1.32 | I16: =F16*($E$6*60)*$C16 -> 3.24 | J16: =G16+H16+I16 -> 4.8 | L16: T6 | M16: 0.15 | N16: =M16*$E$2/100 -> 0.0075 | O16: =$B$21 -> 8 | P16: 4 | Q16: 0 | R16: =O16*$E$4*$N16 -> 0.3 | S16: =P16*$E$5*$N16 -> 1.65 | T16: =Q16*($E$6*60)*$N16 -> 0 | U16: =R16+S16+T16 -> 1.95 | V16: =J16+U16 -> 6.75
A17: P7 | B17: 1 | C17: =1*$E$3/100 -> 0.006 | D17: =$B$21 -> 8 | E17: 4 | F17: 2 | G17: =D17*$E$4*$C17 -> 0.24 | H17: =E17*$E$5*$C17 -> 1.32 | I17: =F17*($E$6*60)*$C17 -> 6.48 | J17: =G17+H17+I17 -> 8.04 | L17: T7 | M17: 0.2 | N17: =M17*$E$2/100 -> 0.01 | O17: =$B$21 -> 8 | P17: 4 | Q17: 0 | R17: =O17*$E$4*$N17 -> 0.4 | S17: =P17*$E$5*$N17 -> 2.2 | T17: =Q17*($E$6*60)*$N17 -> 0 | U17: =R17+S17+T17 -> 2.6 | V17: =J17+U17 -> 10.64
A18: P8 | B18: 1 | C18: =1*$E$3/100 -> 0.006 | D18: =$B$21 -> 8 | E18: 4 | F18: 1 | G18: =D18*$E$4*$C18 -> 0.24 | H18: =E18*$E$5*$C18 -> 1.32 | I18: =F18*($E$6*60)*$C18 -> 3.24 | J18: =G18+H18+I18 -> 4.8 | L18: T8 | M18: 0.25 | N18: =M18*$E$2/100 -> 0.0125 | O18: =$B$21 -> 8 | P18: 4 | Q18: 1 | R18: =O18*$E$4*$N18 -> 0.5 | S18: =P18*$E$5*$N18 -> 2.75 | T18: =Q18*($E$6*60)*$N18 -> 6.75 | U18: =R18+S18+T18 -> 10 | V18: =J18+U18 -> 14.8
A19: P9 | B19: 0 | C19: =1*$E$3/100 -> 0.006 | D19: =$B$21 -> 8 | E19: 4 | F19: 1 | G19: =D19*$E$4*$C19 -> 0.24 | H19: =E19*$E$5*$C19 -> 1.32 | I19: =F19*($E$6*60)*$C19 -> 3.24 | J19: =G19+H19+I19 -> 4.8 | L19: T9 | M19: 0.25 | N19: =M19*$E$2/100 -> 0.0125 | O19: =$B$21 -> 8 | P19: 4 | Q19: 0 | R19: =O19*$E$4*$N19 -> 0.5 | S19: =P19*$E$5*$N19 -> 2.75 | T19: =Q19*($E$6*60)*$N19 -> 0 | U19: =R19+S19+T19 -> 3.25 | V19: =J19+U19 -> 8.05
A20: P10 | B20: 1 | C20: =1*$E$3/100 -> 0.006 | D20: =$B$21 -> 8 | E20: 4 | F20: 1 | G20: =D20*$E$4*$C20 -> 0.24 | H20: =E20*$E$5*$C20 -> 1.32 | I20: =F20*($E$6*60)*$C20 -> 3.24 | J20: =G20+H20+I20 -> 4.8 | L20: T10 | M20: 0.15 | N20: =M20*$E$2/100 -> 0.0075 | O20: =$B$21 -> 8 | P20: 4 | Q20: 1 | R20: =O20*$E$4*$N20 -> 0.3 | S20: =P20*$E$5*$N20 -> 1.65 | T20: =Q20*($E$6*60)*$N20 -> 4.05 | U20: =R20+S20+T20 -> 6 | V20: =J20+U20 -> 10.8
A21: Total | B21: =SUM(B11:B20) -> 8 | C21: =SUM(C11:C20) -> 0.06 | G21: =SUM(G11:G20) -> 2.4 | H21: =SUM(H11:H20) -> 13.2 | I21: =SUM(I11:I20) -> 35.64 | J21: =SUM(J11:J20) -> 51.24 | L21: Total | M21: =SUM(M11:M20) -> 1.8 | N21: =SUM(N11:N20) -> 0.09 | R21: =SUM(R11:R20) -> 3.6 | S21: =SUM(S11:S20) -> 17.6 | T21: =SUM(T11:T20) -> 16.2 | U21: =SUM(U11:U20) -> 37.4 | V21: =SUM(V11:V20) -> 88.64
A23: 年均停电时间 | E23: =V21/B21 -> 11.08 | F23: minutes
A25: Le temps de coupure obtenu par le calcul du critère B est différent de celui calculé à partir de l'END. Cette différence provient du fait que les points de charge n'ont pas le même poids dans les deux calculs (1 transfo par PDL dans le calcul du critère B - puissance moyenne du PDL dans le calcul de l'END).
A27: 区域年均停电时长=（站点故障停电时长+线路段故障停电时长）/总负荷点数量
A30: 站点故障停电时长=∑各站点故障停电时长
A31: 各站点故障停电时长=（三遥操作前停电时长+三遥操作后人工操作前停电时长+人工操作后至故障恢复停电时长）*站点年故障次数
A32: 三遥操作前停电时长=失电负荷数*三遥动作时长
A33: 三遥操作后人工操作前停电时长=三遥操作后失电负荷数*人工隔离故障时长
A34: 人工操作后至故障恢复停电时长=人工隔离故障后失电负荷*故障恢复时长
A36: 线路段故障停电时长=∑各线路段故障停电时长
A37: 各站点故障停电时长=（三遥操作前停电时长+三遥操作后人工操作前停电时长+人工操作后至故障恢复停电时长）*线路段年故障次数
A38: 三遥操作前停电时长=失电负荷数*三遥动作时长
A39: 三遥操作后人工操作前停电时长=三遥操作后失电负荷数*人工隔离故障时长
A40: 人工操作后至故障恢复停电时长=人工隔离故障后失电负荷数*故障恢复时长

Sheet 缺供电量计算
A1: Paramètres supplémentaires | U1: 三遥动作时间（分钟） | Y1: 5
A2: 最大功率利用小时数 | D2: 3500 | U2: 人工隔离故障时间（分钟） | Y2: 55
A3: 功率因素 | D3: 0.95 | U3: 故障恢复时间（小时） | Y3: 9
A4: Autres paramètres (voir feuille "Calcul critère B")
A8: Postes | B8: P à la pointe du départ (kVA) | C8: Pmoy. à la pointe du départ (kW) | D8: Nbre incidents | E8: Puissance coupée (kW) | H8: END (kWh) | M8: Tronçons | N8: Long. (km) | O8: Nbre incidents | P8: Puissance coupée (kW) | S8: END (kWh) | W8: Total général
E9: Après incident | F9: Après manœuvres | H9: Après incident | I9: Après manœuvres | K9: Total | P9: Après incident | Q9: Après manœuvres | S9: Après incident | T9: Après manœuvres | V9: Total
F10: Téléco. | G10: Manu | I10: Téléco. | J10: Manu | Q10: Téléco. | R10: Manu | T10: Téléco. | U10: Manu
A11: P1 | B11: 300 | C11: =B11*$D$3*$D$2/8760 -> 113.86986 | D11: =1*停电时间计算!$E$3/100 -> 0.006 | E11: =$B$21*$D$3*$D$2/8760 -> 1328.4817 | F11: =SUM($C$11:$C$14) -> 493.43607 | G11: =C11 -> 113.86986 | H11: =E11*停电时间计算!$E$4*$D11 -> 39.854452 | I11: =F11*停电时间计算!$E$5*$D11 -> 162.8339 | J11: =G11*停电时间计算!$E$6*60*$D11 -> 368.93836 | K11: =H11+I11+J11 -> 571.62671 | M11: T1 | N11: 0.1 | O11: =N11*停电时间计算!$E$2/100 -> 0.005 | P11: =$C$21 -> 1328.4817 | Q11: =SUM($C$11:$C$14) -> 493.43607 | R11: 0 | S11: =P11*停电时间计算!$E$4*缺供电量计算!O11 -> 33.212043 | T11: =Q11*停电时间计算!$E$5*O11 -> 135.69492 | U11: =R11*(停电时间计算!$E$6*60)*O11 -> 0 | V11: =S11+T11+U11 -> 168.90696 | W11: =K11+V11 -> 740.53368
A12: P2 | B12: 0 | C12: =B12*$D$3*$D$2/8760 -> 0 | D12: =1*停电时间计算!$E$3/100 -> 0.006 | E12: =$B$21*$D$3*$D$2/8760 -> 1328.4817 | F12: =SUM($C$11:$C$14) -> 493.43607 | G12: =C13 -> 265.69635 | H12: =E12*停电时间计算!$E$4*$D12 -> 39.854452 | I12: =F12*停电时间计算!$E$5*$D12 -> 162.8339 | J12: =G12*停电时间计算!$E$6*60*$D12 -> 860.85616 | K12: =H12+I12+J12 -> 1063.5445 | M12: T2 | N12: 0.15 | O12: =N12*停电时间计算!$E$2/100 -> 0.0075 | P12: =$C$21 -> 1328.4817 | Q12: =SUM($C$11:$C$14) -> 493.43607 | R12: 0 | S12: =P12*停电时间计算!$E$4*缺供电量计算!O12 -> 49.818065 | T12: =Q12*停电时间计算!$E$5*O12 -> 203.54238 | U12: =R12*(停电时间计算!$E$6*60)*O12 -> 0 | V12: =S12+T12+U12 -> 253.36045 | W12: =K12+V12 -> 1316.905
A13: P3 | B13: 700 | C13: =B13*$D$3*$D$2/8760 -> 265.69635 | D13: =1*停电时间计算!$E$3/100 -> 0.006 | E13: =$B$21*$D$3*$D$2/8760 -> 1328.4817 | F13: =SUM($C$11:$C$14) -> 493.43607 | G13: =C13 -> 265.69635 | H13: =E13*停电时间计算!$E$4*$D13 -> 39.854452 | I13: =F13*停电时间计算!$E$5*$D13 -> 162.8339 | J13: =G13*停电时间计算!$E$6*60*$D13 -> 860.85616 | K13: =H13+I13+J13 -> 1063.5445 | M13: T3 | N13: 0.2 | O13: =N13*停电时间计算!$E$2/100 -> 0.01 | P13: =$C$21 -> 1328.4817 | Q13: =SUM($C$11:$C$14) -> 493.43607 | R13: =C13 -> 265.69635 | S13: =P13*停电时间计算!$E$4*缺供电量计算!O13 -> 66.424087 | T13: =Q13*停电时间计算!$E$5*O13 -> 271.38984 | U13: =R13*(停电时间计算!$E$6*60)*O13 -> 1434.7603 | V13: =S13+T13+U13 -> 1772.5742 | W13: =K13+V13 -> 2836.1187
A14: P4 | B14: 300 | C14: =B14*$D$3*$D$2/8760 -> 113.86986 | D14: =1*停电时间计算!$E$3/100 -> 0.006 | E14: =$B$21*$D$3*$D$2/8760 -> 1328.4817 | F14: =SUM($C$11:$C$14) -> 493.43607 | G14: =C14 -> 113.86986 | H14: =E14*停电时间计算!$E$4*$D14 -> 39.854452 | I14: =F14*停电时间计算!$E$5*$D14 -> 162.8339 | J14: =G14*停电时间计算!$E$6*60*$D14 -> 368.93836 | K14: =H14+I14+J14 -> 571.62671 | M14: T4 | N14: 0.25 | O14: =N14*停电时间计算!$E$2/100 -> 0.0125 | P14: =$C$21 -> 1328.4817 | Q14: =SUM($C$11:$C$14) -> 493.43607 | R14: 0 | S14: =P14*停电时间计算!$E$4*缺供电量计算!O14 -> 83.030108 | T14: =Q14*停电时间计算!$E$5*O14 -> 339.2373 | U14: =R14*(停电时间计算!$E$6*60)*O14 -> 0 | V14: =S14+T14+U14 -> 422.26741 | W14: =K14+V14 -> 993.89412
A15: P5 | B15: 500 | C15: =B15*$D$3*$D$2/8760 -> 189.78311 | D15: =1*停电时间计算!$E$3/100 -> 0.006 | E15: =$B$21*$D$3*$D$2/8760 -> 1328.4817 | F15: =E15 -> 1328.4817 | G15: =C15 -> 189.78311 | H15: =E15*停电时间计算!$E$4*$D15 -> 39.854452 | I15: =F15*停电时间计算!$E$5*$D15 -> 438.39897 | J15: =G15*停电时间计算!$E$6*60*$D15 -> 614.89726 | K15: =H15+I15+J15 -> 1093.1507 | M15: T5 | N15: 0.1 | O15: =N15*停电时间计算!$E$2/100 -> 0.005 | P15: =$C$21 -> 1328.4817 | Q15: =SUM($C$11:$C$14) -> 493.43607 | R15: 0 | S15: =P15*停电时间计算!$E$4*缺供电量计算!O15 -> 33.212043 | T15: =Q15*停电时间计算!$E$5*O15 -> 135.69492 | U15: =R15*(停电时间计算!$E$6*60)*O15 -> 0 | V15: =S15+T15+U15 -> 168.90696 | W15: =K15+V15 -> 1262.0576
A16: P6 | B16: 350 | C16: =B16*$D$3*$D$2/8760 -> 132.84817 | D16: =1*停电时间计算!$E$3/100 -> 0.006 | E16: =$B$21*$D$3*$D$2/8760 -> 1328.4817 | F16: =SUM($C$16:$C$20) -> 645.26256 | G16: =C16 -> 132.84817 | H16: =E16*停电时间计算!$E$4*$D16 -> 39.854452 | I16: =F16*停电时间计算!$E$5*$D16 -> 212.93664 | J16: =G16*停电时间计算!$E$6*60*$D16 -> 430.42808 | K16: =H16+I16+J16 -> 683.21918 | M16: T6 | N16: 0.15 | O16: =N16*停电时间计算!$E$2/100 -> 0.0075 | P16: =$C$21 -> 1328.4817 | Q16: =SUM($C$16:$C$20) -> 645.26256 | R16: 0 | S16: =P16*停电时间计算!$E$4*缺供电量计算!O16 -> 49.818065 | T16: =Q16*停电时间计算!$E$5*O16 -> 266.1708 | U16: =R16*(停电时间计算!$E$6*60)*O16 -> 0 | V16: =S16+T16+U16 -> 315.98887 | W16: =K16+V16 -> 999.20805
A17: P7 | B17: 250 | C17: =B17*$D$3*$D$2/8760 -> 94.891553 | D17: =1*停电时间计算!$E$3/100 -> 0.006 | E17: =$B$21*$D$3*$D$2/8760 -> 1328.4817 | F17: =SUM($C$16:$C$20) -> 645.26256 | G17: =C17+C18 -> 265.69635 | H17: =E17*停电时间计算!$E$4*$D17 -> 39.854452 | I17: =F17*停电时间计算!$E$5*$D17 -> 212.93664 | J17: =G17*停电时间计算!$E$6*60*$D17 -> 860.85616 | K17: =H17+I17+J17 -> 1113.6473 | M17: T7 | N17: 0.2 | O17: =N17*停电时间计算!$E$2/100 -> 0.01 | P17: =$C$21 -> 1328.4817 | Q17: =SUM($C$16:$C$20) -> 645.26256 | R17: 0 | S17: =P17*停电时间计算!$E$4*缺供电量计算!O17 -> 66.424087 | T17: =Q17*停电时间计算!$E$5*O17 -> 354.89441 | U17: =R17*(停电时间计算!$E$6*60)*O17 -> 0 | V17: =S17+T17+U17 -> 421.31849 | W17: =K17+V17 -> 1534.9658
A18: P8 | B18: 450 | C18: =B18*$D$3*$D$2/8760 -> 170.80479 | D18: =1*停电时间计算!$E$3/100 -> 0.006 | E18: =$B$21*$D$3*$D$2/8760 -> 1328.4817 | F18: =SUM($C$16:$C$20) -> 645.26256 | G18: =C18 -> 170.80479 | H18: =E18*停电时间计算!$E$4*$D18 -> 39.854452 | I18: =F18*停电时间计算!$E$5*$D18 -> 212.93664 | J18: =G18*停电时间计算!$E$6*60*$D18 -> 553.40753 | K18: =H18+I18+J18 -> 806.19863 | M18: T8 | N18: 0.25 | O18: =N18*停电时间计算!$E$2/100 -> 0.0125 | P18: =$C$21 -> 1328.4817 | Q18: =SUM($C$16:$C$20) -> 645.26256 | R18: =C18 -> 170.80479 | S18: =P18*停电时间计算!$E$4*缺供电量计算!O18 -> 83.030108 | T18: =Q18*停电时间计算!$E$5*O18 -> 443.61801 | U18: =R18*(停电时间计算!$E$6*60)*O18 -> 1152.9324 | V18: =S18+T18+U18 -> 1679.5805 | W18: =K18+V18 -> 2485.7791
A19: P9 | B19: 0 | C19: =B19*$D$3*$D$2/8760 -> 0 | D19: =1*停电时间计算!$E$3/100 -> 0.006 | E19: =$B$21*$D$3*$D$2/8760 -> 1328.4817 | F19: =SUM($C$16:$C$20) -> 645.26256 | G19: =C20 -> 246.71804 | H19: =E19*停电时间计算!$E$4*$D19 -> 39.854452 | I19: =F19*停电时间计算!$E$5*$D19 -> 212.93664 | J19: =G19*停电时间计算!$E$6*60*$D19 -> 799.36644 | K19: =H19+I19+J19 -> 1052.1575 | M19: T9 | N19: 0.25 | O19: =N19*停电时间计算!$E$2/100 -> 0.0125 | P19: =$C$21 -> 1328.4817 | Q19: =SUM($C$16:$C$20) -> 645.26256 | R19: 0 | S19: =P19*停电时间计算!$E$4*缺供电量计算!O19 -> 83.030108 | T19: =Q19*停电时间计算!$E$5*O19 -> 443.61801 | U19: =R19*(停电时间计算!$E$6*60)*O19 -> 0 | V19: =S19+T19+U19 -> 526.64812 | W19: =K19+V19 -> 1578.8057
A20: P10 | B20: 650 | C20: =B20*$D$3*$D$2/8760 -> 246.71804 | D20: =1*停电时间计算!$E$3/100 -> 0.006 | E20: =$B$21*$D$3*$D$2/8760 -> 1328.4817 | F20: =SUM($C$16:$C$20) -> 645.26256 | G20: =C20 -> 246.71804 | H20: =E20*停电时间计算!$E$4*$D20 -> 39.854452 | I20: =F20*停电时间计算!$E$5*$D20 -> 212.93664 | J20: =G20*停电时间计算!$E$6*60*$D20 -> 799.36644 | K20: =H20+I20+J20 -> 1052.1575 | M20: T10 | N20: 0.15 | O20: =N20*停电时间计算!$E$2/100 -> 0.0075 | P20: =$C$21 -> 1328.4817 | Q20: =SUM($C$16:$C$20) -> 645.26256 | R20: =C20 -> 246.71804 | S20: =P20*停电时间计算!$E$4*缺供电量计算!O20 -> 49.818065 | T20: =Q20*停电时间计算!$E$5*O20 -> 266.1708 | U20: =R20*(停电时间计算!$E$6*60)*O20 -> 999.20805 | V20: =S20+T20+U20 -> 1315.1969 | W20: =K20+V20 -> 2367.3545
A21: Total | B21: =SUM(B11:B20) -> 3500 | C21: =B21*$D$3*$D$2/8760 -> 1328.4817 | D21: =SUM(D11:D20) -> 0.06 | H21: =SUM(H11:H20) -> 398.54452 | I21: =SUM(I11:I20) -> 2154.4178 | J21: =SUM(J11:J20) -> 6517.911 | K21: =SUM(K11:K20) -> 9070.8733 | M21: Total | N21: =SUM(N11:N20) -> 1.8 | O21: =SUM(O11:O20) -> 0.09 | S21: =SUM(S11:S20) -> 597.81678 | T21: =SUM(T11:T20) -> 2860.0314 | U21: =SUM(U11:U20) -> 3586.9007 | V21: =SUM(V11:V20) -> 7044.7489 | W21: =SUM(W11:W20) -> 16115.622
A23: 缺供电量=∑（站点故障缺供电量+线路段故障缺供电量）
A25: 线路站点故障缺供电量=（三遥操作前缺供电量+三遥操作后人工操作前缺供电量+人工操作后至故障恢复缺供电量）*站点年故障次数
A26: 线路段故障缺供电量=（三遥操作前缺供电量+三遥操作后人工操作前缺供电量+人工操作后至故障恢复缺供电量）*线路段年故障次数
A27: 三遥操作前缺供电量=断电功率*三遥操作时长
A28: 三遥操作后人工操作前缺供电量=三遥操作后断电功率*人工操作时长
A29: 人工操作后至故障恢复缺供电量=人工操作后断电功率*故障恢复时长
A30: 断电功率=∑断电负荷平均功率

Sheet Feuil4

Sheet Feuil2

Sheet Feuil3
